{
  "_generated": "Generated by SweetTooth, do not edit",
  "description": "Fully customizable replacement for the old compiz put plugin. \n * Move windows to left/right side, bottom/top, center or corner \n * Move window to other screen \n * Select focused window using the keyboard \n * Application based window placement \n\n Please check github if your gnome-shell version is not supported",
  "name": "Put Windows",
  "settings-schema": "org.gnome.shell.extensions.org-lab21-putwindow",
  "shell-version": [
    "3.4",
    "3.6",
    "3.5.2",
    "3.8",
    "3.10",
    "3.12",
    "3.14",
    "3.16",
    "3.18",
    "3.20"
  ],
  "url": "https://github.com/negesti/gnome-shell-extensions-negesti",
  "uuid": "putWindow@clemens.lab21.org",
  "version": 20
}